{"cameraMode":{"drawMode":0,"name":"Shaded","section":"Shading Mode"},"sceneLighting":false,"audioPlay":false,"sceneViewState":{"showFog":true,"showMaterialUpdate":false,"showSkybox":true,"showFlares":true,"showImageEffects":true,"showParticleSystems":true},"in2DMode":false,"pivot":{"x":-4.7392578125,"y":2.98828125,"z":6.795379638671875},"rotation":{"x":0.011088395491242409,"y":-0.6177842020988464,"z":0.008712531998753548,"w":0.7862212657928467},"size":17.490999221801759,"orthographic":true}